Sample_ID,Project,PRO.mL,SYN.mL,PEUK.mL,HBACT.mL,chla.ug.per.L,SW.Temperature.at.site,Salinity,pH,Silicate,NitrateNitrite,Phosphate,Ammonia,Depth,Universal_Sample_ID,lln_micro,llp_micro,kmeansruns,kmeansruns_cat,Metagenome_ID,Metagenome,latitude,longitude,Site,Date,Metagenome_Deeply_Sequenced
ALOHA_1,Aloha,233900,600,500,462300,0.1,26.9849,34.9184,8.084,1.82,0.04,0.03,NA,5,NA,0.0039,0.044,1,Offshore,NA,NA,22.45,-158,Aloha,8/8/17,NA
ALOHA_2,Aloha,165900,1300,700,568100,0.07,26.7855,35.0862,8.084,2.2,0.07,0.03,NA,6.9,NA,0.0052,0.0146,1,Offshore,NA,NA,22.45,-158,Aloha,10/6/17,NA
ALOHA_3,Aloha,198100,9100,700,460200,0.11,26.0662,35.0373,8.079,2.06,0.05,0.03,NA,8.1,NA,0.0037,0.0244,1,Offshore,NA,NA,22.45,-158,Aloha,11/8/17,NA
ALOHA_4,Aloha,230500,2900,1400,464200,0.12,24.2506,35.0697,8.067,1.35,0.06,0.01,NA,5.1,NA,0.0025,0.0283,1,Offshore,NA,NA,22.45,-158,Aloha,12/12/17,NA
ALOHA_5,Aloha,182000,4000,2000,410900,0.12,23.1339,35.0396,8.056,1.31,0.01,0.03,NA,5.2,NA,0.0048,0.0479,1,Offshore,NA,NA,22.45,-158,Aloha,2/25/18,NA
ALOHA_6,Aloha,201400,2600,2200,527000,0.08,23.6114,35.0619,8.045,1.25,0.05,0.07,NA,6,NA,0.0013,0.0352,1,Offshore,NA,NA,22.45,-158,Aloha,4/17/18,NA
ALOHA_7,Aloha,188000,1500,1100,446400,0.09,24.35,34.8087,8.057,1.85,0,0.09,NA,5.9,NA,0.0015,0.0752,1,Offshore,NA,NA,22.45,-158,Aloha,5/15/18,NA
ALOHA_8,Aloha,208100,1100,700,416300,0.07,25.7428,34.9709,8.067,0.83,0.07,0.04,NA,6.2,NA,0.0018,0.0459,1,Offshore,NA,NA,22.45,-158,Aloha,7/24/18,NA
ALOHA_9,Aloha,192900,1400,800,501800,0.05,27.1003,34.5855,8.079,2.05,0.08,0.1,NA,7,NA,0.0034,0.086,1,Offshore,NA,NA,22.45,-158,Aloha,9/10/18,NA
ALOHA_10,Aloha,190500,1600,700,424100,0.1,25.6176,35.1159,8.06,1.19,0,0.03,NA,6.6,NA,0.0037,0.0117,1,Offshore,NA,NA,22.45,-158,Aloha,11/16/18,NA
ALOHA_11,Aloha,273700,2100,1400,567800,0.11,24.3177,34.9239,8.069,0.99,0.13,0.06,NA,6.8,NA,0.0025,0.041,1,Offshore,NA,NA,22.45,-158,Aloha,1/15/19,NA
ALOHA_12,Aloha,225800,1200,1400,502000,0.08,24.3187,34.7409,8.054,1.26,0.03,0.07,NA,5,NA,0.004,0.0801,1,Offshore,NA,NA,22.45,-158,Aloha,5/2/19,NA
ALOHA_13,Aloha,187200,900,900,479400,0.06,26.1121,34.716,8.062,0.99,0.02,0.08,NA,5.3,NA,0.0023,0.0742,1,Offshore,NA,NA,22.45,-158,Aloha,6/11/19,NA
ALOHA_14,Aloha,195100,2000,1400,587600,0.07,26.7766,34.5716,8.075,0.94,0.05,0.08,NA,5.6,NA,0.0038,0.0615,1,Offshore,NA,NA,22.45,-158,Aloha,7/1/19,NA
ALOHA_15,Aloha,198100,700,700,606200,0.09,26.8742,34.5511,8.075,0.59,0.09,0.09,NA,5.3,NA,0.0048,0.084,1,Offshore,NA,NA,22.45,-158,Aloha,8/2/19,NA
ALOHA_16,Aloha,194000,600,1000,631100,0.06,28.047,34.6721,8.084,1.09,0.1,0.06,NA,5.4,NA,0.0048,0.041,1,Offshore,NA,NA,22.45,-158,Aloha,9/4/19,NA
ALOHA_17,Aloha,204600,500,700,498300,0.12,27.2815,34.9559,8.086,2.78,0.02,0.01,NA,4.7,NA,0.0046,0.0127,1,Offshore,NA,NA,22.45,-158,Aloha,10/17/19,NA
ALOHA_18,Aloha,198500,1600,1100,397700,0.1,25.8166,34.7224,8.073,1.42,0.03,0.06,NA,4.8,NA,0.006,0.0674,1,Offshore,NA,NA,22.45,-158,Aloha,12/19/19,NA
ALOHA_19,Aloha,279700,2600,1100,555500,0.11,24.3833,34.9942,8.066,0.97,0,0.04,NA,24.6,NA,0.0265,0.0352,1,Offshore,NA,NA,22.45,-158,Aloha,1/15/19,NA
ALOHA_20,Aloha,156600,2200,1500,405100,0.1,23.2054,34.8589,8.052,0.99,0.03,0.08,NA,23.9,NA,0.0021,0.083,1,Offshore,NA,NA,22.45,-158,Aloha,2/20/19,NA
ALOHA_21,Aloha,201600,500,600,503000,0.12,27.2964,34.9542,8.085,0.99,0,0.02,NA,24.6,NA,0.0053,0.0137,1,Offshore,NA,NA,22.45,-158,Aloha,10/17/19,NA
ALOHA_22,Aloha,206100,1600,1200,397800,0.09,25.8299,34.7231,8.076,1.15,0,0.07,NA,24.5,NA,0.0027,0.0664,1,Offshore,NA,NA,22.45,-158,Aloha,12/19/19,NA
ALOHA_23,Aloha,162100,800,700,492200,0.06,25.4406,35.2129,8.075,1.06,0.02,0.09,NA,25,HOT_224_25M,NA,NA,1,Offshore,HOT_224_25M,Aloha,22.45,-158,Aloha,8/7/10,NA
ALOHA_24,Aloha,184700,900,500,519100,0.07,25.6192,35.236,8.075,1.14,0.04,0.08,NA,25,HOT_225_25M,NA,NA,1,Offshore,HOT_225_25M,Aloha,22.45,-158,Aloha,9/3/10,NA
ALOHA_25,Aloha,214000,1200,1000,584300,0.11,26.0446,35.2943,8.082,1.07,0.04,0.07,NA,25,HOT_226_25M,NA,NA,1,Offshore,HOT_226_25M,Aloha,22.45,-158,Aloha,10/3/10,NA
ALOHA_26,Aloha,220000,1000,700,399600,0.08,25.1257,35.2286,8.075,1.09,0.03,0.11,NA,25,HOT_227_25M,NA,NA,1,Offshore,HOT_227_25M,Aloha,22.45,-158,Aloha,11/21/10,NA
ALOHA_27,Aloha,165300,1700,1100,462100,0.07,23.5728,35.3811,8.066,0.89,0.06,0.04,NA,25,HOT_229_25M,NA,NA,1,Offshore,HOT_229_25M,Aloha,22.45,-158,Aloha,1/28/11,NA
ALOHA_28,Aloha,157400,1200,1000,468000,0.1,23.9295,35.1413,8.069,0.93,0.04,0.1,NA,25,HOT_231_25M,NA,NA,1,Offshore,HOT_231_25M,Aloha,22.45,-158,Aloha,4/11/11,NA
ALOHA_29,Aloha,182746,1399,799,419496,0.09,24.3489,35.3017,8.07,0.77,0.01,0.03,NA,25,HOT_232_25M,NA,NA,1,Offshore,HOT_232_25M,Aloha,22.45,-158,Aloha,5/9/11,NA
ALOHA_30,Aloha,164900,1000,1100,490900,0.08,25.3475,34.9648,8.08,1.05,0.03,0.09,NA,25,HOT_233_25M,NA,NA,1,Offshore,HOT_233_25M,Aloha,22.45,-158,Aloha,7/19/11,NA
ALOHA_31,Aloha,205200,1000,600,521600,0.11,25.8161,35.2494,8.088,0.89,0.04,0.02,NA,25,HOT_234_25M,NA,NA,1,Offshore,HOT_234_25M,Aloha,22.45,-158,Aloha,8/30/11,NA
ALOHA_32,Aloha,240900,1700,1000,515800,0.16,25.8318,35.215,8.085,0.96,0.02,0.04,NA,25,HOT_236_25M,NA,NA,1,Offshore,HOT_236_25M,Aloha,22.45,-158,Aloha,11/4/11,NA
ALOHA_33,Aloha,154600,3300,1700,489200,0.27,24.7897,35.2404,8.079,0.99,0.03,0.06,NA,25,HOT_237_25M,NA,NA,1,Offshore,HOT_237_25M,Aloha,22.45,-158,Aloha,11/28/11,NA
ALOHA_34,Aloha,214300,5000,1700,491700,0.19,24.202,35.2839,8.071,0.99,0.02,0.07,NA,25,HOT_238_25M,NA,NA,1,Offshore,HOT_238_25M,Aloha,22.45,-158,Aloha,12/19/11,NA
SBAu0038,KByT,0,419792,24371,2461202,1.3,27.79,35.49,7.97,7.65,0.13,0.13,NA,1.89,KBT_08.23.2017_SB,NA,NA,2,Coastal,NA,None,21.43635,-157.7773667,SB,8/23/17,NA
R837_R2,KByT,0,241397,12671,1439821,1.3,27.48,35.24,7.94,5.13,0.27,0.12,NA,1.925,KBT_08.23.2017_SR8,NA,NA,2,Coastal,NA,None,21.44983333,-157.7932167,SR8,8/23/17,NA
R2Au0039,KByT,123942,19631,2757,606618,0.5,26.92,34.89,8.07,1.7,0.21,0.13,NA,1.91,KBT_08.23.2017_SR2,NA,NA,1,Offshore,NA,None,21.4691667,-157.77752,SR2,8/23/17,NA
HPAu0034,KByT,0,131321,7944,1168617,1,27.57,34.59,7.89,15.13,0.82,0.14,0.35,1.8,KBT_08.23.2017_HP1,NA,NA,2,Coastal,NA,None,21.43688,-157.80331,HP1,8/23/17,NA
STAu0040,KByT,168193,26537,2429,627509,0.4,26.88,34.9,8.09,1.8,0.09,0.12,NA,1.946,KBT_08.23.2017_STO1,NA,NA,1,Offshore,NA,None,21.4829,-157.7663,STO1,8/23/17,NA
HPSe0054,KByT,0,117127,8417,1300004,1.3,27,34.71,7.48,9.72,0.59,0.11,0.3,1.589,KBT_09.20.2017_HP1,NA,NA,2,Coastal,KSe054HP,KByT,21.43688,-157.80331,HP1,9/20/17,NA
ARSe0055,KByT,0,121710,13026,1321775,2.1,27,35,7.96,19.55,0.43,0.13,0.18,1.85,KBT_09.20.2017_AR,NA,NA,2,Coastal,KSe055AR,KByT,21.46765,-157.83585,AR,9/20/17,NA
CBSe0056,KByT,1510,226021,11621,1334459,1.7,27.18,35.08,7.97,4.02,0.12,0.09,NA,1.63,KBT_09.20.2017_CB,NA,NA,2,Coastal,KSe056CB,KByT,21.45705,-157.81135,CB,9/20/17,NA
R857_R2,KByT,3283,202858,13236,1359408,1.8,27.14,35.12,7.98,3.4,0.13,0.07,NA,1.91,KBT_09.20.2017_SR8,NA,NA,2,Coastal,KSe057R8,KByT,21.44983333,-157.7932167,SR8,9/20/17,NA
SB58_R2,KByT,1484,232271,11293,2056772,2.2,27.4,35.07,7.96,4.5,0.07,0.14,NA,1.608,KBT_09.20.2017_SB,NA,NA,2,Coastal,KSe058SB,KByT,21.43635,-157.7773667,SB,9/20/17,NA
R2Se0059,KByT,115932,30083,3729,668451,0.6,26.94,35.25,8.12,1.32,0.15,0.07,NA,1.73,KBT_09.20.2017_SR2,NA,NA,1,Offshore,KSe059R2,KByT,21.4691667,-157.77752,SR2,9/20/17,NA
STSe0060,KByT,160774,11805,1681,648124,0.3,26.19,35.27,8.64,1.31,0.04,0.06,NA,1.94,KBT_09.20.2017_STO1,NA,NA,1,Offshore,KSe060ST,KByT,21.4829,-157.7663,STO1,9/20/17,NA
NT61_R2,KByT,157294,12619,2324,707909,0.4,27.02,35.25,8.14,1.36,0.09,0.06,NA,1.76,KBT_09.20.2017_NTO1,NA,NA,1,Offshore,KSe061NT,KByT,21.526,-157.7979,NTO1,9/20/17,NA
NRSe0062,KByT,1392,44146,12461,641874,1.9,27.09,35.19,8.02,3.43,0.54,0.1,NA,2.03,KBT_09.20.2017_NR2,NA,NA,1,Offshore,KSe062NR,KByT,21.5147,-157.8117167,NR2,9/20/17,NA
NBSe0063,KByT,0,42478,12133,682868,2.1,27.22,34.8,7.95,10.95,1.03,0.06,0.08,1.513,KBT_09.20.2017_NB,NA,NA,2,Coastal,KSe063NB,KByT,21.49048333,-157.8332833,NB,9/20/17,NA
R8No0077,KByT,5187,55123,17149,1012334,1.3,26.67,33.75,7.97,5.81,0.52,0.09,0.03,2.147,KBT_11.01.2017_SR8,NA,NA,2,Coastal,NA,None,21.44983333,-157.7932167,SR8,11/1/17,NA
SBNo0078,KByT,0,97930,11555,1037125,0.9,26.51,33.85,8.03,4.28,0.11,0.09,NA,2.12,KBT_11.01.2017_SB,NA,NA,2,Coastal,NA,None,21.43635,-157.7773667,SB,11/1/17,NA
HPNo0074,KByT,1064,56725,14903,815214,1,26.5,34.1,7.98,3.88,0.14,0.09,NA,2.38,KBT_11.01.2017_HP1,NA,NA,2,Coastal,NA,None,21.43688,-157.80331,HP1,11/1/17,NA
R2No0079,KByT,34560,15862,6986,548619,0.7,26.55,34.5,8.08,7.49,1.02,0.11,0.07,2.27,KBT_11.01.2017_SR2,NA,NA,1,Offshore,NA,None,21.4691667,-157.77752,SR2,11/1/17,NA
STNo0080,KByT,104219,26485,5213,585083,0.5,26.31,34.53,8.12,1.86,0.28,0.07,0.07,2.25,KBT_11.01.2017_STO1,NA,NA,1,Offshore,NA,None,21.4829,-157.7663,STO1,11/1/17,NA
SBDe0098,KByT,11424,144308,16177,1626620,1.8,24.1,35.29,8.18,10.96,0.54,0.06,NA,2.04,KBT_12.08.2017_SB,NA,NA,2,Coastal,NA,None,21.43635,-157.7773667,SB,12/8/17,NA
R8De0097,KByT,30831,40916,7800,788414,1.2,24.4,35.3,8.14,3.66,0.66,0.06,0.02,1.99,KBT_12.08.2017_SR8,NA,NA,1,Offshore,NA,None,21.44983333,-157.7932167,SR8,12/8/17,NA
HPDe0094,KByT,17805,55241,11187,865360,1.1,23.9,35.2,8.16,9.66,0.58,0.09,0.21,1.9,KBT_12.08.2017_HP1,NA,NA,1,Offshore,NA,None,21.43688,-157.80331,HP1,12/8/17,NA
R2De0099,KByT,139581,9914,4412,478737,0.5,24.9,35.56,8.12,1.29,0.48,0.09,0.04,2.6,KBT_12.08.2017_SR2,NA,NA,1,Offshore,NA,None,21.4691667,-157.77752,SR2,12/8/17,NA
STDe0100,KByT,179459,4806,1930,457136,0.3,25.05,35.5,8.18,1.31,0.1,0.05,NA,2.1,KBT_12.08.2017_STO1,NA,NA,1,Offshore,NA,None,21.4829,-157.7663,STO1,12/8/17,NA
R8Ja0119,KByT,7511,85836,5134,1348798,1.7,24.11,34.1,8.12,2.77,0.18,0.08,NA,1.73,KBT_01.29.2018_SR8,NA,NA,1,Offshore,NA,None,21.44983333,-157.7932167,SR8,1/29/18,NA
SBJa0120,KByT,8128,210592,14483,1699102,2,23.98,33.81,8.13,3.38,0.02,0.06,NA,1.934,KBT_01.29.2018_SB,NA,NA,2,Coastal,NA,None,21.43635,-157.7773667,SB,1/29/18,NA
HPJa0116,KByT,7839,117298,5712,1594502,2,24.02,33.85,7.62,4.7,0.17,0.07,0.02,1.7,KBT_01.29.2018_HP1,NA,NA,2,Coastal,NA,None,21.43688,-157.80331,HP1,1/29/18,NA
STJa0122,KByT,74399,7235,1654,478119,0.9,24.81,34.36,8.19,1.38,0.12,0.06,NA,1.711,KBT_01.29.2018_STO1,NA,NA,1,Offshore,NA,None,21.4829,-157.7663,STO1,1/29/18,NA
R2Ja0125,KByT,11161,7235,2272,521819,1,24.7,34.3,8.19,1.43,0.21,0.08,NA,1.99,KBT_01.29.2018_SR2,NA,NA,1,Offshore,NA,None,21.4691667,-157.77752,SR2,1/29/18,NA
SBFe0140,KByT,9428,516514,43529,2581349,2.4,23.86,34.43,8.09,7.57,0.05,0.07,NA,2.07,KBT_02.21.2018_SB,NA,NA,2,Coastal,NA,None,21.43635,-157.7773667,SB,2/21/18,NA
HPFe0136,KByT,7905,446041,27207,2132248,2.5,23.98,34.3,8.13,10.65,0.23,0.07,0.53,2.134,KBT_02.21.2018_HP1,NA,NA,2,Coastal,NA,None,21.43688,-157.80331,HP1,2/21/18,NA
R8Fe0139,KByT,13459,188283,25342,1384002,2.2,23.75,34.97,7.89,6.06,0.25,0.09,0.03,2.07,KBT_02.21.2018_SR8,NA,NA,2,Coastal,NA,None,21.44983333,-157.7932167,SR8,2/21/18,NA
STFe0142,KByT,61807,71773,17018,845809,1.5,23.55,35.51,8.06,4.73,0.1,0.07,NA,2.214,KBT_02.21.2018_STO1,NA,NA,1,Offshore,NA,None,21.4829,-157.7663,STO1,2/21/18,NA
R2Fe0141,KByT,13446,42912,16742,887998,1.6,23.24,35.4,7.97,5.23,0.41,0.1,NA,2.08,KBT_02.21.2018_SR2,NA,NA,1,Offshore,NA,None,21.4691667,-157.77752,SR2,2/21/18,NA
HP156_R2,KByT,24752,318330,22782,1448198,1.3,23.96,34.19,7.89,4.2,0.36,0.05,NA,1.75,KBT_03.28.2018_HP1,NA,NA,2,Coastal,KMa156HP,KByT,21.43688,-157.80331,HP1,3/28/18,NA
ARMa0157,KByT,25894,305383,17372,1447975,1.6,24.1,34.12,8.01,12.35,0.77,0.14,0.85,1.995,KBT_03.28.2018_AR,NA,NA,2,Coastal,KMa157AR,KByT,21.46765,-157.83585,AR,3/28/18,NA
CBMa0158,KByT,22112,282391,22756,1202376,0.9,24.59,34.14,8.12,7.21,0.24,0.06,NA,2.09,KBT_03.28.2018_CB,NA,NA,2,Coastal,KMa158CB,KByT,21.45705,-157.81135,CB,3/28/18,NA
R8Ma0159,KByT,11345,117573,14707,1028314,1.1,24.18,33.97,8.04,6.54,0.47,0.1,0.03,2.088,KBT_03.28.2018_SR8,NA,NA,2,Coastal,KMa159R8,KByT,21.44983333,-157.7932167,SR8,3/28/18,NA
SBMa0160,KByT,11503,364905,32525,2337719,1.6,24.42,33.26,8.15,12.52,0.18,0.13,NA,2.051,KBT_03.28.2018_SB,NA,NA,2,Coastal,KMa160SB,KByT,21.43635,-157.7773667,SB,3/28/18,NA
R2Ma0161,KByT,45104,24857,4648,642688,0.5,24.31,34.5,8.11,2.59,0.17,0.08,NA,1.9,KBT_03.28.2018_SR2,NA,NA,1,Offshore,KMa161R2,KByT,21.4691667,-157.77752,SR2,3/28/18,NA
STMa0162,KByT,195492,7970,5869,682671,0.4,24.14,34.61,8.16,1.36,0.08,0.07,NA,1.8,KBT_03.28.2018_STO1,NA,NA,1,Offshore,KMa162ST,KByT,21.4829,-157.7663,STO1,3/28/18,NA
NTMa0163,KByT,216540,6697,3519,595443,0.3,24,34.61,8.17,1.49,0.05,0.07,NA,1.965,KBT_03.28.2018_NTO1,NA,NA,1,Offshore,KMa163NT,KByT,21.526,-157.7979,NTO1,3/28/18,NA
NRMa0164,KByT,35112,24279,5252,679651,0.5,24.05,34.39,8.14,2.79,0.22,0.04,NA,2.071,KBT_03.28.2018_NR2,NA,NA,1,Offshore,KMa164NR,KByT,21.5147,-157.8117167,NR2,3/28/18,NA
NBMa0165,KByT,10636,115381,10741,800849,1.2,24.04,34.35,8.09,8.42,0.47,0.09,0.08,2.017,KBT_03.28.2018_NB,NA,NA,1,Offshore,KMa165NB,KByT,21.49048333,-157.8332833,NB,3/28/18,NA
HPMy0176,KByT,3992,133133,16085,1244539,1.3,24.59,33.75,8.08,8.31,0.45,0.08,NA,1.89,KBT_05.01.2018_HP1,NA,NA,2,Coastal,NA,None,21.43688,-157.80331,HP1,5/1/18,NA
SBMy0180,KByT,2994,174994,23465,1562226,1.4,24.03,33.13,8.06,10.94,0.09,0.08,NA,2.16,KBT_05.01.2018_SB,NA,NA,2,Coastal,NA,None,21.43635,-157.7773667,SB,5/1/18,NA
R8My0179,KByT,2508,77997,11791,957342,1,24.41,33.74,8.05,6.21,0.2,0.07,NA,1.927,KBT_05.01.2018_SR8,NA,NA,2,Coastal,NA,None,21.44983333,-157.7932167,SR8,5/1/18,NA
STMy0182,KByT,163899,17582,3375,601772,0.4,24.07,34.66,8.04,1.22,0.22,0.06,0.05,2.21,KBT_05.01.2018_STO1,NA,NA,1,Offshore,NA,None,21.4829,-157.7663,STO1,5/1/18,NA
R2My0181,KByT,8798,42964,9940,859268,0.7,24,34.31,7.9,2.54,0.31,0.07,NA,1.652,KBT_05.01.2018_SR2,NA,NA,1,Offshore,NA,None,21.4691667,-157.77752,SR2,5/1/18,NA
HPJn0196,KByT,906,151175,13328,1293950,1.8,25.5,33.81,8.05,17.89,0.57,0.1,0.02,1.924,KBT_06.01.2018_HP1,NA,NA,2,Coastal,NA,None,21.43688,-157.80331,HP1,6/1/18,NA
R8Jn0199,KByT,5410,240005,13262,1473357,1.2,25.94,34.97,8.04,4.86,0.09,0.08,NA,2.075,KBT_06.01.2018_SR8,NA,NA,2,Coastal,NA,None,21.44983333,-157.7932167,SR8,6/1/18,NA
SBJn0200,KByT,7629,213323,14720,1648141,1.4,23.75,34.91,8.05,5.19,0.08,0.08,0.03,1.977,KBT_06.01.2018_SB,NA,NA,2,Coastal,NA,None,21.43635,-157.7773667,SB,6/1/18,NA
STJn0202,KByT,322887,35716,2679,819271,0.4,24.61,35.09,8.09,0.88,0.62,0.05,NA,2.07,KBT_06.01.2018_STO1,NA,NA,1,Offshore,NA,None,21.4829,-157.7663,STO1,6/1/18,NA
R2Jn0201,KByT,32092,38657,4990,1002354,0.6,24.9,35.11,7.84,0.8,0.39,0.06,0.08,1.75,KBT_06.01.2018_SR2,NA,NA,1,Offshore,NA,None,21.4691667,-157.77752,SR2,6/1/18,NA
SBJn0220,KByT,14733,463177,35007,2475252,1.3,27.67,33.87,8.01,7.65,0.06,0.05,NA,1.87,KBT_06.19.2018_SB,NA,NA,2,Coastal,NA,None,21.43635,-157.7773667,SB,6/19/18,NA
R8Jn0219,KByT,9979,272149,18068,1400901,1.2,27.6,34,8.03,5.58,0.23,0.08,NA,1.8,KBT_06.19.2018_SR8,NA,NA,2,Coastal,NA,None,21.44983333,-157.7932167,SR8,6/19/18,NA
STJn0222,KByT,269668,43568,3388,810868,0.3,26.21,34.03,8.05,0.72,0.11,0.06,NA,1.85,KBT_06.19.2018_STO1,NA,NA,1,Offshore,NA,None,21.4829,-157.7663,STO1,6/19/18,NA
R2Jn0242,KByT,91377,144754,11765,937370,0.7,26.47,34.04,7.97,1.28,0.2,0.05,NA,2,KBT_06.19.2018_SR2,NA,NA,1,Offshore,NA,None,21.4691667,-157.77752,SR2,6/19/18,NA
HPJn0216,KByT,2679,122392,11634,1191688,1,27.94,33.3,8.01,9.62,0.78,0.09,0.28,2.07,KBT_06.19.2018_HP1,NA,NA,2,Coastal,NA,None,21.43688,-157.80331,HP1,6/19/18,NA
SBJy0248,KByT,5423,418072,20327,2830046,1.4,27.18,34.24,7.95,6.17,0.01,0.08,NA,2.433,KBT_07.23.2018_SB,NA,NA,2,Coastal,NA,None,21.43635,-157.7773667,SB,7/23/18,NA
HPJy0244,KByT,4084,256602,21718,1691473,1.6,26.92,34.13,7.94,8.52,0.21,0.07,NA,2.29,KBT_07.23.2018_HP1,NA,NA,2,Coastal,NA,None,21.43688,-157.80331,HP1,7/23/18,NA
STJy0250,KByT,178317,36543,3769,728616,0.5,26.12,34.04,8.03,0.88,0.06,0.07,0.02,1.97,KBT_07.23.2018_STO1,NA,NA,1,Offshore,NA,None,21.4829,-157.7663,STO1,7/23/18,NA
R2Jy0249,KByT,137453,39012,5200,812548,0.6,25.92,34.14,7.91,8.28,0.13,0.1,NA,2.2,KBT_07.23.2018_SR2,NA,NA,1,Offshore,NA,None,21.4691667,-157.77752,SR2,7/23/18,NA
R8Jy0247,KByT,33011,79061,9796,1035510,0.9,26.62,34.07,8.01,1.22,0.12,0.08,NA,2.396,KBT_07.23.2018_SR8,NA,NA,1,Offshore,NA,None,21.44983333,-157.7932167,SR8,7/23/18,NA
SBSe0268,KByT,5410,396223,12789,2489026,1.4,28.23,32.84,7.92,7.49,0.05,0.05,0.03,1.96,KBT_09.11.2018_SB,NA,NA,2,Coastal,NA,None,21.43635,-157.7773667,SB,9/11/18,NA
R2Se0269,KByT,3677,26196,6723,1188746,0.9,27.38,33.24,7.8,1.81,0.29,0.11,0.07,2.1,KBT_09.11.2018_SR2,NA,NA,2,Coastal,NA,None,21.4691667,-157.77752,SR2,9/11/18,NA
R8Se0267,KByT,3900,235081,10111,1322799,1.3,28.22,32.9,7.92,5.34,0.36,0.11,NA,1.93,KBT_09.11.2018_SR8,NA,NA,2,Coastal,NA,None,21.44983333,-157.7932167,SR8,9/11/18,NA
HPSe0264,KByT,0,471199,22427,1903444,2,28.15,31.81,7.92,12.56,0.29,0.09,NA,1.85,KBT_09.11.2018_HP1,NA,NA,2,Coastal,NA,None,21.43688,-157.80331,HP1,9/11/18,NA
STSe0270,KByT,94765,107857,8377,893592,0.8,27.09,33.4,8.02,1.58,0.07,0.1,NA,1.9,KBT_09.11.2018_STO1,NA,NA,1,Offshore,NA,None,21.4829,-157.7663,STO1,9/11/18,NA
HPOc0290,KByT,4714,365759,19276,2029592,2.1,27.31,33.67,7.92,22.73,0.18,0.12,NA,2.31,KBT_10.11.2018_HP1,NA,NA,2,Coastal,KOc290HP,KByT,21.43688,-157.80331,HP1,10/11/18,NA
AROc0291,KByT,4872,515857,19460,1988886,2,27.81,34.5,7.91,13.53,0.08,0.06,0.11,2.39,KBT_10.11.2018_AR,NA,NA,2,Coastal,KOc291AR,KByT,21.46765,-157.83585,AR,10/11/18,NA
R8Oc0293,KByT,4281,179827,12527,1394414,1.2,27.1,33.67,7.84,15.91,0.35,0.1,NA,2.294,KBT_10.11.2018_SR8,NA,NA,2,Coastal,KOc293R8,KByT,21.44983333,-157.7932167,SR8,10/11/18,NA
NT297_R2,KByT,23832,40994,4740,591635,0.5,26.8,35.01,7.85,2.56,0.17,0.05,NA,2.2,KBT_10.11.2018_NTO1,NA,NA,1,Offshore,KOc297NT,KByT,21.526,-157.7979,NTO1,10/11/18,NA
NBOc0299,KByT,1733,152948,9730,842198,1.5,27.47,34.77,7.95,13.25,0.73,0.06,NA,2.51,KBT_10.11.2018_NB,NA,NA,2,Coastal,KOc299NB,KByT,21.49048333,-157.8332833,NB,10/11/18,NA
CB292_R2,KByT,6342,421578,18830,2326361,1.6,27.7,34.05,7.9,11.3,0.04,0.04,NA,2.248,KBT_10.11.2018_CB,NA,NA,2,Coastal,NA,None,21.45705,-157.81135,CB,10/11/18,NA
R2Oc0295,KByT,10373,119254,9297,1478412,1,26.93,34.89,7.64,4.77,0.29,0.09,NA,2.521,KBT_10.11.2018_SR2,NA,NA,2,Coastal,NA,None,21.4691667,-157.77752,SR2,10/11/18,NA
NROc0298,KByT,19801,58445,5305,837431,0.7,26.86,35.11,7.97,3.02,0.21,0.04,0.08,2.282,KBT_10.11.2018_NR2,NA,NA,1,Offshore,NA,None,21.5147,-157.8117167,NR2,10/11/18,NA
STOc0296,KByT,75161,95461,6539,776058,2.4,26.83,35.05,7.85,1.43,0.16,0.04,NA,2.301,KBT_10.11.2018_STO1,NA,NA,1,Offshore,KOc321ST,KByT,21.4829,-157.7663,STO1,10/11/18,NA
R8No0325,KByT,0,368595,22834,2145432,1.9,26.95,34.59,7.76,6.24,0.08,0.06,NA,1.958,KBT_11.09.2018_SR8,NA,NA,2,Coastal,NA,None,21.44983333,-157.7932167,SR8,11/9/18,NA
SBNo0326,KByT,0,398337,21180,2913427,1.8,27.45,35,7.75,5.58,0.08,0.07,NA,2.005,KBT_11.09.2018_SB,NA,NA,2,Coastal,NA,None,21.43635,-157.7773667,SB,11/9/18,NA
R2No0327,KByT,8312,68307,9454,1230358,0.9,26.63,35.95,7.45,3.77,0.38,0.07,NA,2.039,KBT_11.09.2018_SR2,NA,NA,2,Coastal,NA,None,21.4691667,-157.77752,SR2,11/9/18,NA
HPNo0322,KByT,26,63908,7511,1192869,1.4,28.04,33.88,7.62,14.28,1.1,0.11,0.24,2.046,KBT_11.09.2018_HP1,NA,NA,2,Coastal,NA,None,21.43688,-157.80331,HP1,11/9/18,NA
STNo0328,KByT,32381,53442,8798,1000437,0.8,26.68,36.28,7.78,2.19,0.21,0.06,NA,2.079,KBT_11.09.2018_STO1,NA,NA,1,Offshore,NA,None,21.4829,-157.7663,STO1,11/9/18,NA
SBJa0358,KByT,3966,423889,24817,2269886,1.7,23.88,34.44,7.96,9.42,0.1,0.07,0.05,2.107,KBT_01.11.2019_SB,NA,NA,2,Coastal,NA,None,21.43635,-157.7773667,SB,1/11/19,NA
STJa0360,KByT,239651,15297,3755,898476,0.4,24.44,35.35,8.08,1,0.07,0.06,NA,2.173,KBT_01.11.2019_STO1,NA,NA,1,Offshore,NA,None,21.4829,-157.7663,STO1,1/11/19,NA
R2Ja0359,KByT,16085,11791,4583,769873,0.6,24.26,35.22,7.85,1.33,0.26,0.09,0.58,1.955,KBT_01.11.2019_SR2,NA,NA,1,Offshore,NA,None,21.4691667,-157.77752,SR2,1/11/19,NA
R8Ja0357,KByT,9152,114960,9533,995881,1.4,24.16,34.84,7.93,5.09,0.26,0.08,0.08,2.077,KBT_01.11.2019_SR8,NA,NA,1,Offshore,NA,None,21.44983333,-157.7932167,SR8,1/11/19,NA
HPJa0354,KByT,8469,164096,10505,1132428,1.7,24.3,34.9,7.82,6.31,0.31,0.09,0.09,2.073,KBT_01.11.2019_HP1,NA,NA,2,Coastal,NA,None,21.43688,-157.80331,HP1,1/11/19,NA
HPFe0386,KByT,0,27601,10518,1724444,2.5,23.51,32.85,7.81,13.01,0.16,0.08,NA,1.897,KBT_02.25.2019_HP1,NA,NA,2,Coastal,KFe386HP,KByT,21.43688,-157.80331,HP1,2/25/19,NA
ARFe0387,KByT,2666,27036,6920,1839234,2,23.99,32.75,7.84,20.47,0.5,0.09,0.02,1.73,KBT_02.25.2019_AR,NA,NA,2,Coastal,KFe387AR,KByT,21.46765,-157.83585,AR,2/25/19,NA
R8389_R2,KByT,6185,32302,7668,1484571,1.7,23.84,33.97,7.81,2.06,0.14,0.05,NA,1.97,KBT_02.25.2019_SR8,NA,NA,2,Coastal,KFe389R8,KByT,21.44983333,-157.7932167,SR8,2/25/19,NA
NTFe0393,KByT,118164,6093,3755,562130,0.3,23.36,34.97,7.96,1.52,0.07,0.08,NA,2.055,KBT_02.25.2019_NTO1,NA,NA,1,Offshore,KFe393NT,KByT,21.526,-157.7979,NTO1,2/25/19,NA
NBFe0395,KByT,10859,41428,8469,1421306,2,23.79,33.94,7.91,5.39,0.11,0.05,NA,1.905,KBT_02.25.2019_NB,NA,NA,2,Coastal,KFe395NB,KByT,21.49048333,-157.8332833,NB,2/25/19,NA
STFe0392,KByT,136022,6920,4924,666061,0.4,23.22,34.97,7.97,1.33,0.06,0.07,0.04,2.3,KBT_02.25.2019_STO1,NA,NA,1,Offshore,KFe416ST,KByT,21.4829,-157.7663,STO1,2/25/19,NA
SBFe0390,KByT,10295,64485,12251,2303592,1.6,23.68,33.36,7.87,2.71,0.04,0.06,NA,1.927,KBT_02.25.2019_SB,NA,NA,2,Coastal,NA,None,21.43635,-157.7773667,SB,2/25/19,NA
R2Fe0391,KByT,4018,7183,4872,1338569,1,23.62,34.45,7.92,1.62,0.13,0.08,NA,2.183,KBT_02.25.2019_SR2,NA,NA,1,Offshore,NA,None,21.4691667,-157.77752,SR2,2/25/19,NA
CBFe0388,KByT,6277,46457,12514,1632634,1.9,23.83,33.27,7.86,5.84,0.06,0.05,NA,1.91,KBT_02.25.2019_CB,NA,NA,2,Coastal,NA,None,21.45705,-157.81135,CB,2/25/19,NA
NRFe0394,KByT,31658,19539,6881,954873,1.3,23.48,34.81,7.92,1.62,0.16,0.07,NA,2.243,KBT_02.25.2019_NR2,NA,NA,1,Offshore,NA,None,21.5147,-157.8117167,NR2,2/25/19,NA
SBMa0422,KByT,6290,217315,21022,2219975,1.2,24.1,34.45,7.85,6.77,0.13,0.07,NA,2.015,KBT_03.21.2019_SB,NA,NA,2,Coastal,NA,None,21.43635,-157.7773667,SB,3/21/19,NA
R8Ma0421,KByT,6565,53180,10518,1309353,0.9,24.5,35.11,7.79,3.91,0.17,0.08,NA,2.036,KBT_03.21.2019_SR8,NA,NA,2,Coastal,NA,None,21.44983333,-157.7932167,SR8,3/21/19,NA
HPMa0418,KByT,2364,73638,11647,1540770,1.2,24.07,34.54,7.78,16.57,0.39,0.11,0.13,2.13,KBT_03.21.2019_HP1,NA,NA,2,Coastal,NA,None,21.43688,-157.80331,HP1,3/21/19,NA
STMa0449,KByT,246426,24200,7235,827110,0.7,23.64,35.45,7.93,1.35,0.08,0.09,NA,1.87,KBT_03.21.2019_STO1,NA,NA,1,Offshore,NA,None,21.4829,-157.7663,STO1,3/21/19,NA
R2Ma0423,KByT,24397,36517,6881,1230502,0.7,23.74,35.32,7.77,2.18,0.19,0.07,0.05,1.86,KBT_03.21.2019_SR2,NA,NA,1,Offshore,NA,None,21.4691667,-157.77752,SR2,3/21/19,NA
SBAp0454,KByT,8141,244194,15626,2197732,2.2,25.26,36.84,7.76,7.61,0.05,0.09,NA,2.15,KBT_04.22.2019_SB,NA,NA,2,Coastal,NA,None,21.43635,-157.7773667,SB,4/22/19,NA
R8Ap0453,KByT,3151,145306,13420,1386733,2.3,25.23,36.88,7.73,5.2,0.08,0.1,NA,1.9,KBT_04.22.2019_SR8,NA,NA,2,Coastal,NA,None,21.44983333,-157.7932167,SR8,4/22/19,NA
HPAp0450,KByT,0,119123,25789,1566389,2.6,28.65,35.92,7.7,14.32,0.28,0.11,NA,1.822,KBT_04.22.2019_HP1,NA,NA,2,Coastal,NA,None,21.43688,-157.80331,HP1,4/22/19,NA
STAp0480,KByT,62201,9809,4386,731794,2.2,24.11,36.95,7.91,1.26,0.09,0.06,NA,1.95,KBT_04.22.2019_STO1,NA,NA,1,Offshore,NA,None,21.4829,-157.7663,STO1,4/22/19,NA
R2Ap0455,KByT,26747,19722,5778,1039698,2.1,24.55,36.89,7.83,1.45,0.41,0.07,NA,2.02,KBT_04.22.2019_SR2,NA,NA,1,Offshore,NA,None,21.4691667,-157.77752,SR2,4/22/19,NA
SBMy0491,KByT,37515,301484,24108,2435636,1.1,27.29,36.08,7.65,9.28,0.16,0.1,NA,2.13,KBT_05.21.2019_SB,NA,NA,2,Coastal,NA,None,21.43635,-157.7773667,SB,5/21/19,NA
R8My0490,KByT,10649,295338,22887,2248666,1.2,27.07,35.86,7.64,11.3,0.08,0.05,NA,2.234,KBT_05.21.2019_SR8,NA,NA,2,Coastal,NA,None,21.44983333,-157.7932167,SR8,5/21/19,NA
HPMy0487,KByT,13065,391719,22020,2342683,1.2,27.8,35.5,7.66,15.08,0.2,0.06,0.03,2.136,KBT_05.21.2019_HP1,NA,NA,2,Coastal,NA,None,21.43688,-157.80331,HP1,5/21/19,NA
STMy0483,KByT,114895,76146,9979,898069,0.5,25.39,36.6,7.88,2.82,0.14,0.07,NA,2.1,KBT_05.21.2019_STO1,NA,NA,1,Offshore,NA,None,21.4829,-157.7663,STO1,5/21/19,NA
R2My0482,KByT,52313,107187,11700,1159294,0.7,25.5,36.61,7.54,2.46,0.15,0.07,NA,2.1,KBT_05.21.2019_SR2,NA,NA,1,Offshore,NA,None,21.4691667,-157.77752,SR2,5/21/19,NA
SBJn0511,KByT,9612,291307,31501,3606708,1,27.62,36.67,7.64,8.81,0.05,0.08,NA,2.083,KBT_06.14.2019_SB,NA,NA,2,Coastal,NA,None,21.43635,-157.7773667,SB,6/14/19,NA
R8Jn0510,KByT,6684,320143,19184,2373396,1.3,27.65,36.61,7.69,6.97,0.07,0.06,NA,2.076,KBT_06.14.2019_SR8,NA,NA,2,Coastal,NA,None,21.44983333,-157.7932167,SR8,6/14/19,NA
HPJn0507,KByT,2521,211025,13551,1648535,1.1,28.28,36.3,7.66,13.12,0.46,0.11,0.11,1.973,KBT_06.14.2019_HP1,NA,NA,2,Coastal,NA,None,21.43688,-157.80331,HP1,6/14/19,NA
STJn0503,KByT,219219,39248,2823,765199,0.3,25.41,36.8,7.69,1.81,0.11,0.05,NA,2.081,KBT_06.14.2019_STO1,NA,NA,1,Offshore,NA,None,21.4829,-157.7663,STO1,6/14/19,NA
R2Jn0502,KByT,105257,58577,4307,810250,0.4,25.5,36.31,7.51,1.2,0.18,0.05,NA,1.985,KBT_06.14.2019_SR2,NA,NA,1,Offshore,NA,None,21.4691667,-157.77752,SR2,6/14/19,NA
SBSe0711,KByT,0,412045,20445,2701180,2.9,27.69,35.79,7.9,9.78,0.03,0.25,NA,2.06,KBT_09.22.2020_SB,NA,NA,2,Coastal,NA,None,21.43635,-157.7773667,SB,9/22/20,NA
CBSe0709,KByT,0,308942,13853,2168778,0.4,27.93,35.58,7.86,6.49,0.05,0.18,NA,2.093,KBT_09.22.2020_CB,NA,NA,2,Coastal,NA,None,21.45705,-157.81135,CB,9/22/20,NA
ARSe0708,KByT,0,393544,24633,2195342,3.6,28.29,33.09,7.88,42.23,0.06,0.29,NA,1.981,KBT_09.22.2020_AR,NA,NA,2,Coastal,NA,None,21.46765,-157.83585,AR,9/22/20,NA
HPSe0707,KByT,0,76382,9861,1170718,0.8,28.01,35.44,7.73,12.82,0.77,0.25,0.42,2.15,KBT_09.22.2020_HP1,NA,NA,2,Coastal,NA,None,21.43688,-157.80331,HP1,9/22/20,NA
NTSe0704,KByT,53587,51906,5226,1141567,0.3,27.1,35.38,7.91,1.52,0.06,0.11,NA,1.95,KBT_09.22.2020_NTO1,NA,NA,1,Offshore,NA,None,21.526,-157.7979,NTO1,9/22/20,NA
R2Se0702,KByT,21692,181757,17451,1262318,1,27.27,35.44,7.5,1.75,0.14,0.09,NA,1.965,KBT_09.22.2020_SR2,NA,NA,2,Coastal,NA,None,21.4691667,-157.77752,SR2,9/22/20,NA
R8Se0710,KByT,0,204460,27260,1531093,1.7,27.58,35.59,7.9,5.03,0.09,0.21,NA,2.3,KBT_09.22.2020_SR8,NA,NA,2,Coastal,NA,None,21.44983333,-157.7932167,SR8,9/22/20,NA
NBSe0706,KByT,0,222082,26196,1486054,1.2,27.79,35.21,7.74,11.59,0.17,0.19,NA,1.82,KBT_09.22.2020_NB,NA,NA,2,Coastal,NA,None,21.49048333,-157.8332833,NB,9/22/20,NA
STSe0703,KByT,57369,86768,6762,1076281,0.3,27.04,35.39,7.91,1.41,0.05,0.11,NA,1.965,KBT_09.22.2020_STO1,NA,NA,1,Offshore,NA,None,21.4829,-157.7663,STO1,9/22/20,NA
NRSe0705,KByT,14628,66980,11319,949818,0.7,27.34,35.45,7.86,2.72,0.58,0.11,0.04,2.018,KBT_09.22.2020_NR2,NA,NA,1,Offshore,NA,None,21.5147,-157.8117167,NR2,9/22/20,NA
SBDe0751,KByT,1352,319000,18055,2179664,1.3,25.39,34.93,7.82,3.15,0.06,0.08,NA,2.687,KBT_12.23.2020_SB,NA,NA,2,Coastal,NA,None,21.43635,-157.7773667,SB,12/23/20,NA
R8De0750,KByT,2757,127093,25894,1168866,1.3,25.42,34.03,7.85,2.61,0.06,0.1,NA,1.98,KBT_12.23.2020_SR8,NA,NA,2,Coastal,NA,None,21.44983333,-157.7932167,SR8,12/23/20,NA
CBDe0749,KByT,2639,236552,22296,1352816,1.4,25,34.73,7.76,7.06,0.06,0.1,NA,2.079,KBT_12.23.2020_CB,NA,NA,2,Coastal,NA,None,21.45705,-157.81135,CB,12/23/20,NA
ARDe0748,KByT,1891,170005,18068,1397933,1.6,25.61,34.44,7.71,13.38,0.45,0.13,0.1,1.986,KBT_12.23.2020_AR,NA,NA,2,Coastal,NA,None,21.46765,-157.83585,AR,12/23/20,NA
HPDe0747,KByT,762,72613,9756,921823,0.9,25.38,34.58,7.21,9.07,0.88,0.17,0.36,2.064,KBT_12.23.2020_HP1,NA,NA,2,Coastal,KDe747HP,KByT,21.43688,-157.80331,HP1,12/23/20,Yes
NBDe0746,KByT,3073,58511,12842,667532,1.3,25.18,34.96,7.87,9.94,0.88,0.14,0.03,2.049,KBT_12.23.2020_NB,NA,NA,2,Coastal,NA,None,21.49048333,-157.8332833,NB,12/23/20,NA
NRDe0745,KByT,122852,19657,6211,565203,0.5,25.6,35.19,7.89,1.24,0.3,0.11,NA,2.064,KBT_12.23.2020_NR2,NA,NA,1,Offshore,NA,None,21.5147,-157.8117167,NR2,12/23/20,NA
STDe0743,KByT,283087,24528,4661,686138,0.2,25.58,35.19,7.89,1.41,0.06,0.08,NA,2.064,KBT_12.23.2020_STO1,NA,NA,1,Offshore,KDe743ST,KByT,21.4829,-157.7663,STO1,12/23/20,Yes
NTDe0744,KByT,286304,21837,4294,673939,0.2,25.61,35.18,7.82,1.15,0.06,0.1,NA,1.992,KBT_12.23.2020_NTO1,NA,NA,1,Offshore,NA,None,21.526,-157.7979,NTO1,12/23/20,NA
SBFe0771,KByT,1707,54598,7261,1176771,24.6,23.44,34.72,7.62,4.12,0.08,0.11,NA,2.05,KBT_02.12.2021_SB,NA,NA,2,Coastal,NA,None,21.43635,-157.7773667,SB,2/12/21,NA
ARFe0768,KByT,2508,63382,16886,1312084,1.7,22.79,34.64,7.99,11.04,0.13,0.12,NA,1.969,KBT_02.12.2021_AR,NA,NA,2,Coastal,NA,None,21.46765,-157.83585,AR,2/12/21,NA
HPFe0767,KByT,1471,51368,7222,777436,11.4,24.4,34.71,6.81,5.33,0.42,0.16,0.2,2.2,KBT_02.12.2021_HP1,NA,NA,2,Coastal,NA,None,21.43688,-157.80331,HP1,2/12/21,NA
R8Fe0770,KByT,2915,51053,6158,960808,5.7,23.92,34.88,7.82,2.75,0.24,0.14,0.02,2.01,KBT_02.12.2021_SR8,NA,NA,1,Offshore,NA,None,21.44983333,-157.7932167,SR8,2/12/21,NA
NBFe0766,KByT,4084,49004,16085,973099,1.1,22.97,34.72,7.89,6.92,0.19,0.11,NA,2.11,KBT_02.12.2021_NB,NA,NA,2,Coastal,NA,None,21.49048333,-157.8332833,NB,2/12/21,NA
CBFe0769,KByT,3874,76513,8561,982487,9.9,23.4,34.77,7.6,3.72,0.07,0.11,NA,2.01,KBT_02.12.2021_CB,NA,NA,2,Coastal,NA,None,21.45705,-157.81135,CB,2/12/21,NA
R2Fe0762,KByT,129614,7944,3585,521937,0.2,24.39,35.03,7.69,1.2,0.23,0.13,NA,2.12,KBT_02.12.2021_SR2,NA,NA,1,Offshore,NA,None,21.4691667,-157.77752,SR2,2/12/21,NA
STFe0763,KByT,250116,6237,3046,611542,0.2,24.52,35.03,7.99,1.2,0.06,0.13,NA,2.19,KBT_02.12.2021_STO1,NA,NA,1,Offshore,NA,None,21.4829,-157.7663,STO1,2/12/21,NA
NTFe0764,KByT,242789,8496,3178,621324,0.2,24.5,35.05,7.93,1.21,0.06,0.11,NA,2.09,KBT_02.12.2021_NTO1,NA,NA,1,Offshore,NA,None,21.526,-157.7979,NTO1,2/12/21,NA
NRFe0765,KByT,102683,4438,2508,395855,0.2,24.42,35.05,8,1.23,0.25,0.14,NA,1.95,KBT_02.12.2021_NR2,NA,NA,1,Offshore,NA,None,21.5147,-157.8117167,NR2,2/12/21,NA
SBMy0821,KByT,5003,336517,23215,1619214,0.9,25.91,35.07,7.75,7.49,0.17,0.17,NA,2.12,KBT_05.24.2021_SB,NA,NA,2,Coastal,NA,None,21.43635,-157.7773667,SB,5/24/21,NA
ARMy0818,KByT,2219,361084,22926,1705680,1.2,25.7,34.95,7.85,12.78,0.15,0.1,NA,1.929,KBT_05.24.2021_AR,NA,NA,2,Coastal,NA,None,21.46765,-157.83585,AR,5/24/21,NA
NBMy0816,KByT,2180,244496,18961,1205239,0.8,25.97,34.54,7.86,11.97,0.11,0.07,0.04,2.1054,KBT_05.24.2021_NB,NA,NA,2,Coastal,NA,None,21.49048333,-157.8332833,NB,5/24/21,NA
HPMy0817,KByT,2587,270876,22336,1336954,0.8,26.32,34.66,7.64,9.77,0.11,0.13,NA,1.9,KBT_05.24.2021_HP1,NA,NA,2,Coastal,KMy817HP,KByT,21.43688,-157.80331,HP1,5/24/21,Yes
R8My0820,KByT,3913,150768,16768,1432848,0.7,25.98,35.07,7.71,3.33,0.08,0.1,NA,2.07,KBT_05.24.2021_SR8,NA,NA,2,Coastal,NA,None,21.44983333,-157.7932167,SR8,5/24/21,NA
CBMy0819,KByT,5239,391824,18830,1458191,0.7,25.79,34.91,7.72,6.8,0.06,0.1,NA,2.05,KBT_05.24.2021_CB,NA,NA,2,Coastal,NA,None,21.45705,-157.81135,CB,5/24/21,NA
STMy0813,KByT,268538,12093,2902,826112,0.1,24.91,35.05,7.71,1.2,0.06,0.09,NA,1.785,KBT_05.24.2021_STO1,NA,NA,1,Offshore,KMy813ST,KByT,21.4829,-157.7663,STO1,5/24/21,Yes
NTMy0814,KByT,44487,61479,10925,887565,0.5,25.03,35.04,7.85,1.62,0.14,0.1,NA,2.016,KBT_05.24.2021_NTO1,NA,NA,1,Offshore,NA,None,21.526,-157.7979,NTO1,5/24/21,NA
NRMy0815,KByT,22887,72298,7550,702210,0.4,25.36,35.06,7.82,1.92,0.19,0.09,NA,2.069,KBT_05.24.2021_NR2,NA,NA,1,Offshore,NA,None,21.5147,-157.8117167,NR2,5/24/21,NA
R2My0812,KByT,55254,44553,8141,929636,0.3,24.5,35.05,7.61,1.43,0.15,0.1,0.09,1.941,KBT_05.24.2021_SR2,NA,NA,1,Offshore,NA,None,21.4691667,-157.77752,SR2,5/24/21,NA